titre;lien
Licence mention mathématiques;https://www.onisep.fr/ressources/univers-formation/formations/post-bac/licence-mention-mathematiques2
Licence mention informatique, mathématiques;https://www.onisep.fr/ressources/univers-formation/formations/post-bac/licence-mention-informatique-mathematiques
Licence mention mathématiques, physique, chimie, informatique;https://www.onisep.fr/ressources/univers-formation/formations/post-bac/licence-mention-mathematiques-physique-chimie-informatique
Licence mention mathématiques et informatique appliquées aux sciences humaines et sociales;https://www.onisep.fr/ressources/univers-formation/formations/post-bac/licence-mention-mathematiques-et-informatique-appliquees-aux-sciences-humaines-et-sociales
Diplôme de premier cycle de l'université Paris-Dauphine mention mathématiques appliquées;https://www.onisep.fr/ressources/univers-formation/formations/post-bac/diplome-de-premier-cycle-de-l-universite-paris-dauphine-mention-mathematiques-appliquees
Licence mention économie mathématiques (double diplôme licence - DU);https://www.onisep.fr/ressources/univers-formation/formations/post-bac/licence-mention-economie-mathematiques-double-diplome-licence-du
Licence mention mathématiques, physique, sciences pour l'ingénieur (double diplôme licence - DU);https://www.onisep.fr/ressources/univers-formation/formations/post-bac/licence-mention-mathematiques-physique-sciences-pour-l-ingenieur-double-diplome-licence-du
Licence pro mention métiers du décisionnel et de la statistique;https://www.onisep.fr/ressources/univers-formation/formations/post-bac/licence-pro-mention-metiers-du-decisionnel-et-de-la-statistique2
BUT science des données parcours exploration et modélisation statistique;https://www.onisep.fr/ressources/univers-formation/formations/post-bac/but-science-des-donnees-parcours-exploration-et-modelisation-statistique
Licence mention économie et gestion;https://www.onisep.fr/ressources/univers-formation/formations/post-bac/licence-mention-economie-et-gestion
Diplôme d'études en architecture;https://www.onisep.fr/ressources/univers-formation/formations/post-bac/diplome-d-etudes-en-architecture
Licence mention économie;https://www.onisep.fr/ressources/univers-formation/formations/post-bac/licence-mention-economie
BUT science des données parcours visualisation, conception d'outils décisionnels;https://www.onisep.fr/ressources/univers-formation/formations/post-bac/but-science-des-donnees-parcours-visualisation-conception-d-outils-decisionnels
Licence mention gestion;https://www.onisep.fr/ressources/univers-formation/formations/post-bac/licence-mention-gestion
BUT mesures physiques parcours matériaux et contrôles physico-chimiques;https://www.onisep.fr/ressources/univers-formation/formations/post-bac/but-mesures-physiques-parcours-materiaux-et-controles-physico-chimiques
BUT mesures physiques parcours mesures et analyses environnementales;https://www.onisep.fr/ressources/univers-formation/formations/post-bac/but-mesures-physiques-parcours-mesures-et-analyses-environnementales
BUT mesures physiques parcours techniques d'instrumentation;https://www.onisep.fr/ressources/univers-formation/formations/post-bac/but-mesures-physiques-parcours-techniques-d-instrumentation
BUT génie mécanique et productique parcours conception et production durables;https://www.onisep.fr/ressources/univers-formation/formations/post-bac/but-genie-mecanique-et-productique-parcours-conception-et-production-durables
BUT génie mécanique et productique parcours innovation pour l'industrie;https://www.onisep.fr/ressources/univers-formation/formations/post-bac/but-genie-mecanique-et-productique-parcours-innovation-pour-l-industrie
BUT gestion des entreprises et des administrations parcours gestion et pilotage des ressources humaines;https://www.onisep.fr/ressources/univers-formation/formations/post-bac/but-gestion-des-entreprises-et-des-administrations-parcours-gestion-et-pilotage-des-ressources-humaines
BUT génie mécanique et productique parcours chargé d'affaires industrielles;https://www.onisep.fr/ressources/univers-formation/formations/post-bac/but-genie-mecanique-et-productique-parcours-charge-d-affaires-industrielles
BUT génie mécanique et productique parcours management de process industriel;https://www.onisep.fr/ressources/univers-formation/formations/post-bac/but-genie-mecanique-et-productique-parcours-management-de-process-industriel
BUT génie mécanique et productique parcours simulation numérique et réalité virtuelle;https://www.onisep.fr/ressources/univers-formation/formations/post-bac/but-genie-mecanique-et-productique-parcours-simulation-numerique-et-realite-virtuelle
BUT gestion des entreprises et des administrations parcours gestion entrepreneuriat et management d'activités;https://www.onisep.fr/ressources/univers-formation/formations/post-bac/but-gestion-des-entreprises-et-des-administrations-parcours-gestion-entrepreneuriat-et-management-d-activites
BUT gestion des entreprises et des administrations parcours contrôle de gestion et pilotage de la performance;https://www.onisep.fr/ressources/univers-formation/formations/post-bac/but-gestion-des-entreprises-et-des-administrations-parcours-controle-de-gestion-et-pilotage-de-la-performance
BUT gestion des entreprises et des administrations parcours gestion comptable, fiscale et financière;https://www.onisep.fr/ressources/univers-formation/formations/post-bac/but-gestion-des-entreprises-et-des-administrations-parcours-gestion-comptable-fiscale-et-financiere
BUT génie électrique et informatique industrielle parcours électronique et systèmes embarqués;https://www.onisep.fr/ressources/univers-formation/formations/post-bac/but-genie-electrique-et-informatique-industrielle-parcours-electronique-et-systemes-embarques
BUT métiers de la transition et de l'efficacité énergétiques parcours réalisation des installations énergétiques pour le bâtiment et l'industrie;https://www.onisep.fr/ressources/univers-formation/formations/post-bac/but-metiers-de-la-transition-et-de-l-efficacite-energetiques-parcours-realisation-des-installations-energetiques-pour-le-batiment-et-l-industrie
BUT génie électrique et informatique industrielle parcours automatisme et informatique industrielle;https://www.onisep.fr/ressources/univers-formation/formations/post-bac/but-genie-electrique-et-informatique-industrielle-parcours-automatisme-et-informatique-industrielle
BUT génie électrique et informatique industrielle parcours électricité et maîtrise de l'énergie;https://www.onisep.fr/ressources/univers-formation/formations/post-bac/but-genie-electrique-et-informatique-industrielle-parcours-electricite-et-maitrise-de-l-energie
BUT métiers de la transition et de l'efficacité énergétiques parcours exploitation des installations énergétiques pour le bâtiment et l'industrie;https://www.onisep.fr/ressources/univers-formation/formations/post-bac/but-metiers-de-la-transition-et-de-l-efficacite-energetiques-parcours-exploitation-des-installations-energetiques-pour-le-batiment-et-l-industrie
BUT métiers de la transition et de l'efficacité énergétiques parcours management de l'énergie pour le bâtiment et l'industrie;https://www.onisep.fr/ressources/univers-formation/formations/post-bac/but-metiers-de-la-transition-et-de-l-efficacite-energetiques-parcours-management-de-l-energie-pour-le-batiment-et-l-industrie
BUT métiers de la transition et de l'efficacité énergétiques parcours optimisation énergétique pour le bâtiment et l'industrie;https://www.onisep.fr/ressources/univers-formation/formations/post-bac/but-metiers-de-la-transition-et-de-l-efficacite-energetiques-parcours-optimisation-energetique-pour-le-batiment-et-l-industrie
Licence mention informatique;https://www.onisep.fr/ressources/univers-formation/formations/post-bac/licence-mention-informatique2
BUT chimie parcours analyse, contrôle-qualité, environnement;https://www.onisep.fr/ressources/univers-formation/formations/post-bac/but-chimie-parcours-analyse-controle-qualite-environnement
BUT chimie parcours matériaux et produits formulés;https://www.onisep.fr/ressources/univers-formation/formations/post-bac/but-chimie-parcours-materiaux-et-produits-formules
BUT chimie parcours chimie industrielle;https://www.onisep.fr/ressources/univers-formation/formations/post-bac/but-chimie-parcours-chimie-industrielle
BUT chimie parcours synthèse;https://www.onisep.fr/ressources/univers-formation/formations/post-bac/but-chimie-parcours-synthese
BUT génie industriel et maintenance parcours ingénierie des systèmes pluritechniques;https://www.onisep.fr/ressources/univers-formation/formations/post-bac/but-genie-industriel-et-maintenance-parcours-ingenierie-des-systemes-pluritechniques
BUT génie industriel et maintenance parcours management méthodes et maintenance innovante;https://www.onisep.fr/ressources/univers-formation/formations/post-bac/but-genie-industriel-et-maintenance-parcours-management-methodes-et-maintenance-innovante
Licence mention sciences de la Terre;https://www.onisep.fr/ressources/univers-formation/formations/post-bac/licence-mention-sciences-de-la-terre
Licence mention sciences pour l'ingénieur;https://www.onisep.fr/ressources/univers-formation/formations/post-bac/licence-mention-sciences-pour-l-ingenieur
BUT génie biologique parcours diététique et nutrition;https://www.onisep.fr/ressources/univers-formation/formations/post-bac/but-genie-biologique-parcours-dietetique-et-nutrition
BUT génie biologique parcours sciences de l'aliment et biotechnologie;https://www.onisep.fr/ressources/univers-formation/formations/post-bac/but-genie-biologique-parcours-sciences-de-l-aliment-et-biotechnologie
BUT génie chimique, génie des procédés parcours contrôle, pilotage et optimisation des procédés;https://www.onisep.fr/ressources/univers-formation/formations/post-bac/but-genie-chimique-genie-des-procedes-parcours-controle-pilotage-et-optimisation-des-procedes
Licence mention sciences et technologies;https://www.onisep.fr/ressources/univers-formation/formations/post-bac/licence-mention-sciences-et-technologies
BUT génie chimique, génie des procédés parcours conception des procédés et innovation technologique;https://www.onisep.fr/ressources/univers-formation/formations/post-bac/but-genie-chimique-genie-des-procedes-parcours-conception-des-procedes-et-innovation-technologique
BUT génie chimique, génie des procédés parcours contrôle, qualité, environnement et sécurité des procédés;https://www.onisep.fr/ressources/univers-formation/formations/post-bac/but-genie-chimique-genie-des-procedes-parcours-controle-qualite-environnement-et-securite-des-procedes
Licence mention génie civil;https://www.onisep.fr/ressources/univers-formation/formations/post-bac/licence-mention-genie-civil
Licence mention physique;https://www.onisep.fr/ressources/univers-formation/formations/post-bac/licence-mention-physique
